INSERT INTO CUSTOMER (ID, NAME, PASSWORD,VERSION) VALUES ('123e4567-e89b-42d3-a456-556642440000', 'NAME1', 'PASS1',0);
INSERT INTO CUSTOMER (ID, NAME, PASSWORD,VERSION) VALUES ('223e4567-e89b-42d3-a456-556642440000', 'NAME2', 'PASS2',0);
INSERT INTO CUSTOMER (ID, NAME, PASSWORD,VERSION) VALUES ('323e4567-e89b-42d3-a456-556642440000', 'NAME3', 'PASS3',0);

INSERT INTO ITEM (ID, DESCRIPTION, PRICE,VERSION) VALUES ('123e4567-e89b-42d3-a456-556642440001', 'DESC1', 10,0);
INSERT INTO ITEM (ID, DESCRIPTION, PRICE,VERSION) VALUES ('123e4567-e89b-42d3-a456-556642440002', 'DESC2', 20,0);
INSERT INTO ITEM (ID, DESCRIPTION, PRICE,VERSION) VALUES ('123e4567-e89b-42d3-a456-556642440003', 'DESC3', 30,0);
INSERT INTO ITEM (ID, DESCRIPTION, PRICE,VERSION) VALUES ('123e4567-e89b-42d3-a456-556642440004', 'DESC4', 40,0);
INSERT INTO ITEM (ID, DESCRIPTION, PRICE,VERSION) VALUES ('123e4567-e89b-42d3-a456-556642440005', 'DESC5', 50,0);

INSERT INTO ORDERS (ID, CUSTOMER_ID,VERSION) VALUES ('123e4567-189b-42d3-a456-556642440000','123e4567-e89b-42d3-a456-556642440000',0);
INSERT INTO ORDERS (ID, CUSTOMER_ID,VERSION) VALUES ('123e4567-289b-42d3-a456-556642440000','123e4567-e89b-42d3-a456-556642440000',0);
INSERT INTO ORDERS (ID, CUSTOMER_ID,VERSION) VALUES ('123e4567-389b-42d3-a456-556642440000','323e4567-e89b-42d3-a456-556642440000',0);

INSERT INTO ORDERS_ITEMS (ITEMS_ID, ORDER_ID) VALUES ('123e4567-e89b-42d3-a456-556642440001','123e4567-189b-42d3-a456-556642440000');
INSERT INTO ORDERS_ITEMS (ITEMS_ID, ORDER_ID) VALUES ('123e4567-e89b-42d3-a456-556642440002','123e4567-189b-42d3-a456-556642440000');
INSERT INTO ORDERS_ITEMS (ITEMS_ID, ORDER_ID) VALUES ('123e4567-e89b-42d3-a456-556642440003','123e4567-289b-42d3-a456-556642440000');
INSERT INTO ORDERS_ITEMS (ITEMS_ID, ORDER_ID) VALUES ('123e4567-e89b-42d3-a456-556642440004','123e4567-289b-42d3-a456-556642440000');
INSERT INTO ORDERS_ITEMS (ITEMS_ID, ORDER_ID) VALUES ('123e4567-e89b-42d3-a456-556642440005','123e4567-389b-42d3-a456-556642440000');
INSERT INTO ORDERS_ITEMS (ITEMS_ID, ORDER_ID) VALUES ('123e4567-e89b-42d3-a456-556642440001','123e4567-389b-42d3-a456-556642440000');

INSERT INTO BALANCE (ID, ACCOUNT, AMOUNT, VERSION) VALUES ('123e4567-e89b-42d3-a457-556642440000', 'cptref00001', 3790.14,0);
INSERT INTO BALANCE (ID, ACCOUNT, AMOUNT, VERSION) VALUES ('223e4567-e89b-42d3-a457-556642440000', 'cptref00002', -145.32,0);
INSERT INTO BALANCE (ID, ACCOUNT, AMOUNT, VERSION) VALUES ('323e4567-e89b-42d3-a457-556642440000', 'cptref00003', 12145.32,0);

INSERT INTO HOLDER (ID, ACCOUNT, MAIL_ADRESS, NAME, VERSION) VALUES ('123e4567-e89b-42d3-a458-556642440000', 'cptref00001', 'Antoine.Dupond@gmail.com', 'Antoine Dupond',0);
INSERT INTO HOLDER (ID, ACCOUNT, MAIL_ADRESS, NAME, VERSION) VALUES ('223e4567-e89b-42d3-a458-556642440000', 'cptref00002', 'Valérie.Labelle@gmail.com','Valérie Labelle',0);
--create table holder (id varchar(255) not null, version integer not null, account varchar(255), mail_adress varchar(255), name varchar(255), primary key (id))
--create table accounting_movement (id varchar(255) not null, version integer not null, account varchar(255), amount double not null, label varchar(255), operation_date date, reference varchar(255), value_date date, primary key (id))
INSERT INTO ACCOUNTING_MOVEMENT (ID, ACCOUNT, AMOUNT, LABEL, OPERATION_DATE, REFERENCE, VALUE_DATE, VERSION) VALUES ('123e4567-e89b-42d3-a459-556642440000', 'cptref00003', 1503.44, 'libellé mouvement générique', '2020-12-07', 'référence mouvement à déterminer', '2020-12-06',0);